customer_id,full_name,email,created_at
1,Мишин Емельян Валерьевич,mechislav_37@hotmail.com,2024-05-31
101,Анатолий Эдуардович Шашков,apollon_70@yandex.ru,2026-02-24
102,Дроздов Валерий Егорович,faina_2025@ip.com,2024-08-21
104,Вышеслав Геннадиевич Нестеров,valerija2017@yahoo.com,2025-05-08
105,Ксения Мироновна Кабанова,gmartinova@yandex.ru,2024-12-27
113,Калашников Эмиль Авдеевич,fedosi_02@npo.com,2024-01-17
115,Савельев Никита Григорьевич,lazargorbachev@ip.ru,2025-03-17
12,Геннадий Матвеевич Цветков,nan,2024-09-09
135,Прохор Жоресович Овчинников,darja_70@npo.org,2025-10-09
140,Гаврилова Регина Яковлевна,kornil_32@bank.net,2025-05-08
143,Доброслав Бенедиктович Петухов,prohorjakushev@yahoo.com,2024-09-25
16,Марфа Вячеславовна Павлова,leonti1997@yahoo.com,2023-07-28
168,Фортунат Терентьевич Денисов,fedoseevnifont@mail.ru,2023-11-18
170,Алевтина Натановна Ермакова,maslovtit@rao.biz,2024-11-14
173,Матвей Алексеевич Игнатьев,jakushevmarian@zhukov.info,2026-04-10
176,Валентина Егоровна Николаева,moiseevstojan@yandex.ru,2024-07-15
179,Кулагин Эммануил Егорович,agapmamontov@oao.info,2025-03-18
180,Макар Глебович Федосеев,valerjantrofimov@hotmail.com,2023-09-10
183,Каллистрат Венедиктович Королев,evdokimfokin@mail.ru,2025-10-20
185,Тимофеев Феофан Елисеевич,dorlov@yandex.ru,2026-03-22
19,Руслан Антонович Попов,fedoseevsilanti@mjasnikova.biz,2026-03-06
194,Александра Натановна Тихонова,shirjaevostromir@yahoo.com,2023-07-13
197,Константинова Тамара Павловна,emmanuilzhukov@yahoo.com,2025-04-10
198,Дорофеев Лукьян Ермолаевич,izot2004@oao.ru,2024-08-31
201,Гремислав Игнатович Прохоров,bespalovmechislav@sidorova.com,2025-08-03
203,Антонов Никандр Валерьянович,demjan2018@rambler.ru,2023-07-09
206,Аггей Ааронович Ковалев,ljudmila_1981@rambler.ru,2025-03-29
209,Александра Алексеевна Филатова,fedoseevleonti@gmail.com,2023-07-07
212,Олимпиада Святославовна Сысоева,lev2014@gmail.com,2026-01-05
214,Потапов Ермил Демидович,simonovaevfrosinija@ooo.biz,2023-09-09
215,Януарий Адамович Селезнев,timur20@ip.org,2023-07-13
217,Кира Тарасовна Веселова,dorofeevparfen@hotmail.com,2024-02-27
223,Бирюков Дорофей Трофимович,fedorovairina@npo.org,2025-12-27
226,Аполлинарий Гаврилович Силин,egor_2016@ip.org,2024-03-30
227,Савина Алла Вениаминовна,vladlenuvarov@zao.net,2024-09-07
232,тов. Бирюков Харлампий Адамович,januaribolshakov@yahoo.com,2025-03-08
236,Марина Валентиновна Котова,rgorshkova@gmail.com,2025-03-16
242,Никифоров Афанасий Игоревич,nsisoev@yandex.ru,2024-03-19
245,Ия Кирилловна Киселева,sofija1998@rao.ru,2025-10-21
246,Доронина Лидия Наумовна,pankrat1991@sitnikova.net,2025-04-18
256,Степанова Антонина Оскаровна,prokofi_85@yahoo.com,2026-03-20
258,Артемьева Акулина Робертовна,borisovdenis@gmail.com,2025-07-15
259,Белова Маргарита Геннадьевна,kiselevvseslav@hotmail.com,2025-03-09
260,Артемьев Селиван Феофанович,kirillovzosima@rao.org,2023-06-27
264,Сергеев Любосмысл Ярославович,gmaslova@mail.ru,2025-07-26
266,Максимов Ефрем Харлампович,feraponteliseev@ao.com,2026-02-11
277,Казимир Устинович Маслов,andron1972@zao.org,2025-08-06
286,Нинель Семеновна Зайцева,kshirjaev@gmail.com,2024-01-01
29,Комиссарова Варвара Рудольфовна,anikeisaev@yandex.ru,2023-09-08
296,Гурьев Порфирий Гертрудович,andreevpetr@ooo.ru,2024-06-28
302,Зыкова Кира Ниловна,adrian97@zao.biz,2025-11-04
305,Мефодий Изотович Буров,uljan2014@hotmail.com,2025-01-12
307,Маргарита Болеславовна Некрасова,afanasevaagafja@yandex.ru,2025-11-26
309,Трифон Ермилович Панов,dementevigor@gmail.com,2025-11-18
317,Прокл Васильевич Абрамов,seliverst_00@yahoo.com,2025-02-12
319,Лидия Рудольфовна Гаврилова,ikotov@gmail.com,2023-08-21
320,Гаврилов Творимир Адамович,baranovorest@yandex.ru,2023-10-24
324,Авдей Валерьевич Лазарев,viktorin_28@rambler.ru,2024-01-06
329,Богдан Филиппович Захаров,seliverstsharov@hotmail.com,2025-11-26
334,Антонина Олеговна Соловьева,qisakov@npo.com,2024-07-28
337,Иосиф Георгиевич Силин,mishinmihail@yandex.ru,2025-09-06
340,Беспалов Тит Юлианович,skolobova@yandex.ru,2023-05-31
341,Орлова Синклитикия Эльдаровна,aleksandra62@gmail.com,2023-09-01
344,Панфилова Алина Эльдаровна,gromovharlampi@yahoo.com,2025-09-02
348,Горбунов Радим Гертрудович,karl07@rambler.ru,2023-11-23
359,Нестерова Милица Эльдаровна,antonin96@rao.edu,2025-04-11
36,Устин Егорович Сафонов,nan,2023-09-29
365,Горшкова Алевтина Геннадьевна,foti2022@zao.biz,2024-07-02
366,Зинаида Вячеславовна Симонова,maslovboleslav@gmail.com,2024-03-28
375,Глафира Григорьевна Одинцова,galina65@yandex.ru,2026-04-05
38,Фомин Сильвестр Афанасьевич,vitali2015@yahoo.com,2024-09-17
383,Панкратий Тихонович Фокин,proklandreev@hotmail.com,2023-07-22
384,Кузьмина Галина Тарасовна,romanovanadezhda@rambler.ru,2025-08-25
39,Тихон Тихонович Романов,pgorbacheva@rambler.ru,2024-01-28
392,Лукьян Анатольевич Киселев,alekseevajulija@metallotorg.ru,2023-09-27
395,Денис Иосифович Васильев,mironovaskold@zao.biz,2025-07-17
401,Аполлон Жанович Носков,seliverst1990@hotmail.com,2026-01-21
402,Гедеон Евстигнеевич Васильев,spartak_2003@ip.info,2026-02-08
416,Оксана Аскольдовна Игнатьева,serafim2015@vinogradov.com,2026-02-18
423,Устинова Клавдия Вячеславовна,visheslav2011@yahoo.com,2025-09-19
424,Полякова Алина Семеновна,ytretjakov@rambler.ru,2024-10-03
426,Дементий Ильясович Козлов,evdokimpanfilov@hotmail.com,2024-05-07
428,Туров Моисей Ильясович,bikovalarisa@ooo.edu,2023-07-28
431,Тимофеева Таисия Семеновна,foka2004@npo.ru,2024-06-02
435,Нина Игоревна Лаврентьева,fedot_2017@hotmail.com,2026-04-25
436,Гаврилова Маргарита Алексеевна,timur_1981@sibirskaja.info,2023-12-14
438,Сократ Гурьевич Копылов,dementi_1976@hotmail.com,2023-07-25
444,Роман Яковлевич Власов,ostap2017@ip.org,2025-03-17
445,Игнатова Наталья Леоновна,silanti_70@oao.net,2023-09-25
452,Герасимов Боян Бориславович,varlaammorozov@gromova.net,2025-02-16
455,Тамара Вячеславовна Кузьмина,haritonovapollon@porshe.info,2025-11-24
463,Милица Степановна Федорова,elizarabramov@yandex.ru,2023-08-27
471,Антонина Федоровна Жукова,vladislavsokolov@mail.ru,2025-02-25
480,Шаров Мина Якубович,ustin_09@ao.biz,2025-02-20
481,Панфил Борисович Фокин,larionovfortunat@yandex.ru,2025-02-21
489,Олимпий Аверьянович Ковалев,evstafimjasnikov@ooo.edu,2023-06-07
493,Селиверст Глебович Кудрявцев,kozlovaekaterina@ao.biz,
496,Щукина Жанна Дмитриевна,radovan_44@ip.biz,2024-01-10
5,София Тимофеевна Михеева,selivan_1979@ao.ru,2026-01-17
500,Рогов Христофор Гаврилович,fedotgrishin@yahoo.com,2025-05-11
51,Евдокимова Раиса Руслановна,nikonovamarfa@gmail.com,2024-07-12
513,Сысоева Майя Феликсовна,varlaam1987@npo.ru,2024-09-30
514,Елисеев Фома Ильич,budimir_84@ip.info,2025-02-06
522,Иванна Эдуардовна Осипова,hohlovemeljan@mail.ru,
524,Панфил Ааронович Буров,radovan_86@yandex.ru,2024-03-03
525,Красильникова Синклитикия Святославовна,ananinikiforov@yandex.ru,2024-05-21
528,Харитонова Оксана Матвеевна,simon1990@bank.biz,2024-04-03
534,Козлова Оксана Васильевна,nina_72@ip.biz,2024-12-19
538,Стрелкова Ульяна Валентиновна,konstantinovfoma@npo.info,2023-09-04
540,Анисимова Акулина Архиповна,veniamin2012@hotmail.com,2026-02-18
541,Боброва Светлана Ильинична,tpestov@zhuravleva.info,2024-07-15
544,Воронцова Полина Никифоровна,sila1981@npo.ru,2024-06-03
551,Вера Викторовна Щукина,vladimirovefrem@gmail.com,2023-12-13
557,Осипова Мария Владимировна,kornilovsilvestr@rambler.ru,2024-04-03
56,Евгения Тимуровна Князева,rusakovparfen@yandex.ru,2024-06-22
562,Лидия Наумовна Федорова,pestovaveronika@tsvetkov.net,2024-07-06
571,Рожкова Марина Феликсовна,vlasovamarija@ooo.net,2025-07-18
58,Самсонов Юлий Терентьевич,braginmaksim@zao.edu,2023-07-01
59,Щукин Матвей Тимурович,amos_1991@glenkor.org,2025-02-16
593,тов. Лапина Таисия Архиповна,vsemilsharov@mail.ru,2025-07-05
594,Мясникова Зоя Константиновна,panfilovalidija@fmsm.biz,2024-09-16
596,Марфа Юльевна Денисова,ljubosmisl_05@npo.ru,2026-01-12
598,Евграф Ааронович Молчанов,osipovgostomisl@ao.net,2024-10-05
602,Милица Антоновна Степанова,lkabanov@rambler.ru,2025-02-18
607,Фёкла Олеговна Жукова,dobroslav60@yandex.ru,2025-12-04
608,Беляков Чеслав Архипович,feofan_52@gmail.com,2023-12-10
621,Муравьев Владислав Устинович,kimbolshakov@rao.com,2025-03-14
628,Маслов Спиридон Марсович,sofija_2018@yandex.ru,2025-02-06
63,Силина Октябрина Матвеевна,selivanermakov@mail.ru,2026-04-11
645,Дарья Федоровна Константинова,tit1973@rao.org,2023-10-14
648,Зимин Захар Вячеславович,petrovapelageja@konar.biz,2025-01-04
649,Агафья Олеговна Кабанова,shilovcheslav@mail.ru,2023-11-28
650,Владилен Арсенович Виноградов,nikolaevolimpi@lanit.edu,2023-11-05
651,Адам Абрамович Чернов,noskovgennadi@ip.biz,2024-02-23
654,Щербакова Светлана Рубеновна,noskovvisheslav@yahoo.com,
655,Мартынова Акулина Юрьевна,marian_2008@vinogradova.net,2026-03-28
658,Боян Бориславович Пономарев,olimpi2021@npo.info,2024-03-22
665,Мария Захаровна Лукина,evstafi2011@gorshkov.edu,2024-08-15
667,Аникей Даниилович Филиппов,miheevvarlaam@ignatov.biz,2025-03-27
668,Агафонов Роман Феоктистович,milan1982@mail.ru,2024-12-18
672,Дарья Георгиевна Петрова,kostinaekaterina@gmail.com,
677,Авдей Феодосьевич Ковалев,lavrenti2008@ip.info,2025-06-11
683,Гаврилов Ладислав Афанасьевич,juri2013@yandex.ru,2023-09-15
687,Тетерина Мария Ждановна,evgenija1997@rao.edu,2023-11-03
688,Терентьев Венедикт Аксёнович,djachkovaraisa@ooo.net,2024-11-28
689,Игнатьев Леон Валерьевич,gorbachevairina@mail.ru,2023-07-30
690,Некрасов Ладимир Ильясович,dementevljubomir@ip.edu,2024-11-24
692,Наталья Анатольевна Сысоева,bshirjaev@ooo.com,2026-03-17
694,Лора Яковлевна Сысоева,arhipovfoti@oao.org,2024-06-07
696,Щукина Ульяна Валентиновна,nan,2025-05-30
71,ivan IVANOV,jakub2021@rao.net,2023-08-24
72,Ангелина Афанасьевна Павлова,zabramov@yandex.ru,2025-06-04
74,Станимир Феликсович Брагин,kuznetsovalora@mail.ru,2024-06-15
78,Марфа Константиновна Лаврентьева,spartak19@yandex.ru,2024-01-27
9,София Константиновна Полякова,lavrnekrasov@yahoo.com,2024-12-16
91,Пестов Гурий Валерьянович,avksenti2010@detski.info,2025-12-20
95,Фадеева Вероника Валериевна,osip1980@gmail.com,2024-05-04
97,Кира Аркадьевна Трофимова,denis2006@softline.com,2025-05-17
99,Полякова Ия Георгиевна,hpanov@yandex.ru,2025-08-29
